{"name":"sogouWhite","isDark":false,"backgroundImage":null,"backgroundColor":-1,"barColor":-1118482,"keyboardColor":-328966,"keyBackgroundColor":-986896,"keyTextColor":-14606047,"altKeyBackgroundColor":-9276818,"altKeyTextColor":-3618616,"accentKeyBackgroundColor":-819107,"accentKeyTextColor":-1,"keyPressHighlightColor":520093696,"keyShadowColor":-6842473,"popupBackgroundColor":-1118482,"popupTextColor":-14606047,"spaceBarColor":-2368549,"dividerColor":1415799651,"clipboardEntryColor":-592138,"genericActiveBackgroundColor":-819107,"genericActiveForegroundColor":-1,"version":"2.0"}