{"name":"sogou_skin3","isDark":true,"backgroundImage":null,"backgroundColor":-9803158,"barColor":-10592674,"keyboardColor":-11316397,"keyBackgroundColor":-7303024,"keyTextColor":-328966,"altKeyBackgroundColor":-9145231,"altKeyTextColor":-2236963,"accentKeyBackgroundColor":-1941990,"accentKeyTextColor":-1,"keyPressHighlightColor":520093696,"keyShadowColor":-12895429,"popupBackgroundColor":-13158601,"popupTextColor":-328966,"spaceBarColor":-8421505,"dividerColor":1305107492,"clipboardEntryColor":-9474193,"genericActiveBackgroundColor":-1941990,"genericActiveForegroundColor":-1,"version":"2.0"}