{"name":"Calc2","isDark":true,"backgroundImage":null,"backgroundColor":-12430493,"barColor":-11902609,"keyboardColor":-12494232,"keyBackgroundColor":-11902609,"keyTextColor":-1,"altKeyBackgroundColor":-8470526,"altKeyTextColor":-2697514,"accentKeyBackgroundColor":-15098926,"accentKeyTextColor":-1,"keyPressHighlightColor":-8470526,"keyShadowColor":-16382715,"popupBackgroundColor":-11705747,"popupTextColor":-1,"spaceBarColor":-8470526,"dividerColor":1109073941,"clipboardEntryColor":-11705747,"genericActiveBackgroundColor":-15098926,"genericActiveForegroundColor":-1,"version":"2.0"}