{"name":"GoInput","isDark":false,"backgroundImage":null,"backgroundColor":-4802890,"barColor":-2105377,"keyboardColor":-1842205,"keyBackgroundColor":-1,"keyTextColor":-11711155,"altKeyBackgroundColor":-1907998,"altKeyTextColor":-10461088,"accentKeyBackgroundColor":-3804072,"accentKeyTextColor":-10461088,"keyPressHighlightColor":-3804072,"keyShadowColor":-7566196,"popupBackgroundColor":-1118482,"popupTextColor":-11711155,"spaceBarColor":-2631721,"dividerColor":1942352984,"clipboardEntryColor":-986896,"genericActiveBackgroundColor":-3804072,"genericActiveForegroundColor":-10461088,"version":"2.0"}