{"version":"2.1","name":"仿iOS","isDark":false,"backgroundColor":-3091495,"barColor":-526342,"keyboardColor":-3091495,"keyBackgroundColor":-1,"keyTextColor":-14606047,"candidateTextColor":-16777216,"candidateLabelColor":-3091495,"candidateCommentColor":-3091495,"altKeyBackgroundColor":-5524547,"altKeyTextColor":-2147483648,"accentKeyBackgroundColor":-5524547,"accentKeyTextColor":-16777216,"keyPressHighlightColor":-1808891393,"keyShadowColor":-7828850,"popupBackgroundColor":-3091495,"popupTextColor":-1,"spaceBarColor":-1,"dividerColor":1325400064,"clipboardEntryColor":-1250068,"genericActiveBackgroundColor":-1674673665,"genericActiveForegroundColor":-1,"backgroundImage":null}