{"name":"莫奈","isDark":false,"backgroundImage":null,"backgroundColor":-986886,"barColor":-1709584,"keyboardColor":-1249292,"keyBackgroundColor":-1,"keyTextColor":-13749184,"altKeyBackgroundColor":-2235911,"altKeyTextColor":-12366754,"accentKeyBackgroundColor":-4799233,"accentKeyTextColor":-1249292,"keyPressHighlightColor":520093696,"keyShadowColor":520093696,"popupBackgroundColor":-1709584,"popupTextColor":-13749184,"spaceBarColor":-2564375,"dividerColor":520093696,"clipboardEntryColor":-1249292,"genericActiveBackgroundColor":-10583636,"genericActiveForegroundColor":-1249292,"version":"2.0"}