{"name":"Calc3","isDark":false,"backgroundColor":-3155748,"barColor":-3155748,"keyboardColor":-7297874,"keyBackgroundColor":-7297874,"keyTextColor":-11974049,"altKeyBackgroundColor":-11243910,"altKeyTextColor":-3155748,"accentKeyBackgroundColor":-11751600,"accentKeyTextColor":-1,"keyPressHighlightColor":-26624,"keyShadowColor":-9730412,"popupBackgroundColor":-9730412,"popupTextColor":-1,"spaceBarColor":-9730412,"dividerColor":-9730412,"clipboardEntryColor":-7297874,"genericActiveBackgroundColor":-11751600,"genericActiveForegroundColor":-1,"backgroundImage":null}