{"version":"2.0","name":"森林集·write","isDark":false,"backgroundColor":-1250068,"barColor":-1250068,"keyboardColor":-1,"keyBackgroundColor":-1,"keyTextColor":-567465,"altKeyBackgroundColor":-1,"altKeyTextColor":-567465,"accentKeyBackgroundColor":-567465,"accentKeyTextColor":-1,"keyPressHighlightColor":-930363,"keyShadowColor":-3223858,"popupBackgroundColor":-930363,"popupTextColor":-567465,"spaceBarColor":-1250068,"dividerColor":1945589591,"clipboardEntryColor":653743959,"genericActiveBackgroundColor":-567465,"genericActiveForegroundColor":-1,"backgroundImage":null}