{"version":"2.0","name":"酱紫·Purple","isDark":true,"backgroundColor":-1089530554,"barColor":-2146495162,"keyboardColor":-653322938,"keyBackgroundColor":-653322938,"keyTextColor":-637780819,"altKeyBackgroundColor":-815527,"altKeyTextColor":-534169,"accentKeyBackgroundColor":-704577545,"accentKeyTextColor":-1073786735,"keyPressHighlightColor":872415231,"keyShadowColor":-2131240601,"popupBackgroundColor":-1089530554,"popupTextColor":-637780819,"spaceBarColor":-2112940730,"dividerColor":1308376237,"clipboardEntryColor":-2062609082,"genericActiveBackgroundColor":-815527,"genericActiveForegroundColor":-534169,"backgroundImage":null}