{"version":"2.0","name":"RoseRed","isDark":false,"backgroundColor":-2105377,"barColor":-1447447,"keyboardColor":-2105377,"keyBackgroundColor":-1447447,"keyTextColor":-1966003,"altKeyBackgroundColor":-221525045,"altKeyTextColor":-1325465516,"accentKeyBackgroundColor":-65452,"accentKeyTextColor":-1,"keyPressHighlightColor":520093696,"keyShadowColor":2013265920,"popupBackgroundColor":-1447447,"popupTextColor":-65452,"spaceBarColor":-2368549,"dividerColor":1560215636,"clipboardEntryColor":402587732,"genericActiveBackgroundColor":-302055340,"genericActiveForegroundColor":-1,"backgroundImage":null}