{"name":"trimeGreen","isDark":true,"backgroundImage":null,"backgroundColor":-13154226,"barColor":-11771542,"keyboardColor":-11771542,"keyBackgroundColor":-10322295,"keyTextColor":-2890257,"altKeyBackgroundColor":-11771542,"altKeyTextColor":-2890257,"accentKeyBackgroundColor":-11771542,"accentKeyTextColor":-1721256,"keyPressHighlightColor":-1796883368,"keyShadowColor":-13154226,"popupBackgroundColor":-13154226,"popupTextColor":-2890257,"spaceBarColor":-13154226,"dividerColor":-2098873256,"clipboardEntryColor":-10322295,"genericActiveBackgroundColor":-11771542,"genericActiveForegroundColor":-1721256,"version":"2.0"}