{"name":"sogou_skin1","isDark":false,"backgroundImage":null,"backgroundColor":-1513240,"barColor":-1,"keyboardColor":-789517,"keyBackgroundColor":-592138,"keyTextColor":-10526881,"altKeyBackgroundColor":-8816264,"altKeyTextColor":-4934476,"accentKeyBackgroundColor":-30380,"accentKeyTextColor":-1,"keyPressHighlightColor":536825417,"keyShadowColor":-561280117,"popupBackgroundColor":-466984,"popupTextColor":-10790053,"spaceBarColor":-2368549,"dividerColor":1307277396,"clipboardEntryColor":1341357917,"genericActiveBackgroundColor":-30380,"genericActiveForegroundColor":-1,"version":"2.0"}