{"name":"sogou_skin1","isDark":false,"backgroundImage":null,"backgroundColor":-1447447,"barColor":-1,"keyboardColor":-789517,"keyBackgroundColor":-2697514,"keyTextColor":-10790053,"altKeyBackgroundColor":-9145231,"altKeyTextColor":-4868683,"accentKeyBackgroundColor":-1941990,"accentKeyTextColor":-1,"keyPressHighlightColor":520093696,"keyShadowColor":-16777216,"popupBackgroundColor":-1118482,"popupTextColor":-10790053,"spaceBarColor":-2368549,"dividerColor":520093696,"clipboardEntryColor":-1,"genericActiveBackgroundColor":-1941990,"genericActiveForegroundColor":-1,"version":"2.0"}