{"version":"2.1","name":"WinCalc","isDark":false,"backgroundColor":-2366227,"barColor":-1773830,"keyboardColor":-2628110,"keyBackgroundColor":-787713,"keyTextColor":-653114267,"candidateTextColor":-15580059,"candidateLabelColor":-15580059,"candidateCommentColor":-15580059,"altKeyBackgroundColor":-2826002,"altKeyTextColor":-1475197851,"accentKeyBackgroundColor":-11395,"accentKeyTextColor":-15580059,"keyPressHighlightColor":-1277894418,"keyShadowColor":-8023651,"popupBackgroundColor":-787713,"popupTextColor":-15580059,"spaceBarColor":-1773830,"dividerColor":-8023651,"clipboardEntryColor":-787713,"genericActiveBackgroundColor":-2826002,"genericActiveForegroundColor":-15580059,"backgroundImage":null}