{"name":"mintWhite","isDark":false,"backgroundImage":null,"backgroundColor":-855310,"barColor":-1118482,"keyboardColor":-328966,"keyBackgroundColor":-1,"keyTextColor":-14606047,"altKeyBackgroundColor":-2693646,"altKeyTextColor":-16711423,"accentKeyBackgroundColor":-2693646,"accentKeyTextColor":-16711423,"keyPressHighlightColor":-1,"keyShadowColor":-4013374,"popupBackgroundColor":-1118482,"popupTextColor":-14606047,"spaceBarColor":-1,"dividerColor":-65794,"clipboardEntryColor":-1511693,"genericActiveBackgroundColor":-2693646,"genericActiveForegroundColor":-16711423,"version":"2.0"}