{"name":"cyberpunk2024","isDark":true,"backgroundImage":null,"backgroundColor":-15779791,"barColor":-15779791,"keyboardColor":-13803412,"keyBackgroundColor":-13803412,"keyTextColor":-15138818,"altKeyBackgroundColor":-13803412,"altKeyTextColor":-215504,"accentKeyBackgroundColor":-14353759,"accentKeyTextColor":-9288196,"keyPressHighlightColor":-1711491536,"keyShadowColor":-15138818,"popupBackgroundColor":-15779791,"popupTextColor":-15138818,"spaceBarColor":-15779791,"dividerColor":-15138818,"clipboardEntryColor":-13803412,"genericActiveBackgroundColor":-14353759,"genericActiveForegroundColor":-9288196,"version":"2.0"}