{"version":"2.0","name":"翠竹·Bamboo","isDark":false,"backgroundColor":-1083729833,"barColor":-9650055,"keyboardColor":-9123187,"keyBackgroundColor":-429418409,"keyTextColor":-1181457,"altKeyBackgroundColor":-9650055,"altKeyTextColor":-1181457,"accentKeyBackgroundColor":-485184874,"accentKeyTextColor":-4128,"keyPressHighlightColor":520093696,"keyShadowColor":-4013374,"popupBackgroundColor":-429418409,"popupTextColor":-1181457,"spaceBarColor":-9650055,"dividerColor":2111500262,"clipboardEntryColor":-2018061391,"genericActiveBackgroundColor":-485184874,"genericActiveForegroundColor":-1,"backgroundImage":null}