{"version":"2.0","name":"Brownish","isDark":false,"backgroundColor":-2170654,"barColor":1891615168,"keyboardColor":-2170654,"keyBackgroundColor":-1,"keyTextColor":-10851469,"altKeyBackgroundColor":-1,"altKeyTextColor":-8748660,"accentKeyBackgroundColor":-2185834,"accentKeyTextColor":-1,"keyPressHighlightColor":1720358040,"keyShadowColor":-4210240,"popupBackgroundColor":-1,"popupTextColor":-8748660,"spaceBarColor":-1,"dividerColor":-2132892266,"clipboardEntryColor":1941946816,"genericActiveBackgroundColor":-2185834,"genericActiveForegroundColor":-10851469,"backgroundImage":null}