{"name":"baiduDark","isDark":true,"backgroundImage":null,"backgroundColor":-11843498,"barColor":-13291201,"keyboardColor":-13816531,"keyBackgroundColor":-12764857,"keyTextColor":-2632237,"altKeyBackgroundColor":-9869718,"altKeyTextColor":-4802888,"accentKeyBackgroundColor":-13291201,"accentKeyTextColor":-2592655,"keyPressHighlightColor":872415231,"keyShadowColor":-14342875,"popupBackgroundColor":-13158601,"popupTextColor":-2632237,"spaceBarColor":-7895657,"dividerColor":536870911,"clipboardEntryColor":-9869718,"genericActiveBackgroundColor":-13291201,"genericActiveForegroundColor":-2592655,"version":"2.0"}