{"name":"GreekSkin","isDark":true,"backgroundImage":null,"backgroundColor":-13671839,"barColor":-11568519,"keyboardColor":-13671839,"keyBackgroundColor":-7493981,"keyTextColor":-1,"altKeyBackgroundColor":-11568519,"altKeyTextColor":-5125940,"accentKeyBackgroundColor":-14464696,"accentKeyTextColor":-5125940,"keyPressHighlightColor":-13415092,"keyShadowColor":-16514044,"popupBackgroundColor":-11568519,"popupTextColor":-1,"spaceBarColor":-7493981,"dividerColor":-5125940,"clipboardEntryColor":-11568519,"genericActiveBackgroundColor":-14464696,"genericActiveForegroundColor":-5125940,"version":"2.0"}