{"name":"Calc4","isDark":true,"backgroundImage":null,"backgroundColor":-14140082,"barColor":-14140082,"keyboardColor":-14140082,"keyBackgroundColor":-10110271,"keyTextColor":-1,"altKeyBackgroundColor":-10110271,"altKeyTextColor":-1,"accentKeyBackgroundColor":-1137068,"accentKeyTextColor":-1,"keyPressHighlightColor":-14140082,"keyShadowColor":-14342875,"popupBackgroundColor":-14140082,"popupTextColor":-10110271,"spaceBarColor":-9601652,"dividerColor":-10110271,"clipboardEntryColor":-9601652,"genericActiveBackgroundColor":-1137068,"genericActiveForegroundColor":-1,"version":"2.0"}