{"name":"GreySilver","isDark":false,"backgroundImage":null,"backgroundColor":-6971221,"barColor":-6971221,"keyboardColor":-8746859,"keyBackgroundColor":-8746859,"keyTextColor":-1,"altKeyBackgroundColor":-147700,"altKeyTextColor":-1,"accentKeyBackgroundColor":-8716440,"accentKeyTextColor":-1,"keyPressHighlightColor":520093696,"keyShadowColor":-8746859,"popupBackgroundColor":-6971221,"popupTextColor":-1,"spaceBarColor":-6971221,"dividerColor":-814053227,"clipboardEntryColor":-6642257,"genericActiveBackgroundColor":-8716440,"genericActiveForegroundColor":-1,"version":"2.0"}