{"name":"tongwenfeng","isDark":false,"backgroundImage":null,"backgroundColor":-1907737,"barColor":-1,"keyboardColor":-1,"keyBackgroundColor":-1,"keyTextColor":-16777216,"altKeyBackgroundColor":-5459262,"altKeyTextColor":1493172224,"accentKeyBackgroundColor":-13474144,"accentKeyTextColor":-1,"keyPressHighlightColor":520093696,"keyShadowColor":-8026747,"popupBackgroundColor":-1118482,"popupTextColor":-16777216,"spaceBarColor":-2368549,"dividerColor":520093696,"clipboardEntryColor":-1,"genericActiveBackgroundColor":-13474144,"genericActiveForegroundColor":-1,"version":"2.0"}