{"version":"2.0","name":"DarkSalmon","isDark":false,"backgroundColor":-2829100,"barColor":-460552,"keyboardColor":-2829100,"keyBackgroundColor":-1,"keyTextColor":-11378088,"altKeyBackgroundColor":-1781814,"altKeyTextColor":-5485506,"accentKeyBackgroundColor":-5485506,"accentKeyTextColor":-1,"keyPressHighlightColor":-2050678,"keyShadowColor":-11378088,"popupBackgroundColor":-1118482,"popupTextColor":-11378088,"spaceBarColor":-2050678,"dividerColor":520093696,"clipboardEntryColor":-1,"genericActiveBackgroundColor":-2050678,"genericActiveForegroundColor":-1,"backgroundImage":null}