{"name":"DarkGreen","isDark":true,"backgroundImage":null,"backgroundColor":-11248540,"barColor":-179020700,"keyboardColor":-11248540,"keyBackgroundColor":-10656403,"keyTextColor":-1,"altKeyBackgroundColor":-11963783,"altKeyTextColor":-1459617793,"accentKeyBackgroundColor":-1454797,"accentKeyTextColor":-16777216,"keyPressHighlightColor":520093696,"keyShadowColor":-14956623,"popupBackgroundColor":-10656403,"popupTextColor":-1,"spaceBarColor":-6974059,"dividerColor":639354801,"clipboardEntryColor":-10523794,"genericActiveBackgroundColor":-1454797,"genericActiveForegroundColor":-16777216,"version":"2.0"}