{"version":"2.0","name":"LightGreen","isDark":false,"backgroundColor":1929432492,"barColor":-1466570287,"keyboardColor":-1862218324,"keyBackgroundColor":-637534209,"keyTextColor":-1121902303,"altKeyBackgroundColor":-436156728,"altKeyTextColor":-1207939761,"accentKeyBackgroundColor":-1207924993,"accentKeyTextColor":-1,"keyPressHighlightColor":-1776564303,"keyShadowColor":-16738922,"popupBackgroundColor":-16724564,"popupTextColor":-14606047,"spaceBarColor":1711316896,"dividerColor":-1862230112,"clipboardEntryColor":-1426022496,"genericActiveBackgroundColor":-788490858,"genericActiveForegroundColor":-1,"backgroundImage":null}