{"name":"sogou_skin2","isDark":false,"backgroundImage":null,"backgroundColor":-3680300,"barColor":-4336672,"keyboardColor":-2429965,"keyBackgroundColor":-1,"keyTextColor":-13609375,"altKeyBackgroundColor":-2429965,"altKeyTextColor":-9539986,"accentKeyBackgroundColor":-30380,"accentKeyTextColor":-1,"keyPressHighlightColor":520093696,"keyShadowColor":-869247391,"popupBackgroundColor":-2429965,"popupTextColor":-13609375,"spaceBarColor":-4336672,"dividerColor":-1724885407,"clipboardEntryColor":-2429965,"genericActiveBackgroundColor":-30380,"genericActiveForegroundColor":-1,"version":"2.0"}