{"name":"sogou_skin2","isDark":false,"backgroundImage":null,"backgroundColor":-3353389,"barColor":-422783789,"keyboardColor":-3353389,"keyBackgroundColor":-1,"keyTextColor":-13609375,"altKeyBackgroundColor":-2429965,"altKeyTextColor":-9539986,"accentKeyBackgroundColor":-1941990,"accentKeyTextColor":-1,"keyPressHighlightColor":520093696,"keyShadowColor":-13609375,"popupBackgroundColor":-1118482,"popupTextColor":-13609375,"spaceBarColor":-5588552,"dividerColor":520093696,"clipboardEntryColor":-921103,"genericActiveBackgroundColor":-1941990,"genericActiveForegroundColor":-1,"version":"2.0"}