{"version":"2.0","name":"青黄木瓜·Papaya","isDark":false,"backgroundColor":-1086756489,"barColor":-1086756489,"keyboardColor":-868652681,"keyBackgroundColor":-700880521,"keyTextColor":-459223,"altKeyBackgroundColor":-231118473,"altKeyTextColor":-1077349340,"accentKeyBackgroundColor":-604744610,"accentKeyTextColor":-906428887,"keyPressHighlightColor":520093696,"keyShadowColor":-2131165655,"popupBackgroundColor":-650411691,"popupTextColor":-534169,"spaceBarColor":-2143362877,"dividerColor":520093696,"clipboardEntryColor":-650548873,"genericActiveBackgroundColor":-604744610,"genericActiveForegroundColor":-906428887,"backgroundImage":null}