{"name":"红黄蓝","isDark":false,"backgroundImage":null,"backgroundColor":-4992017,"barColor":-4992017,"keyboardColor":-4992017,"keyBackgroundColor":-2167815,"keyTextColor":-12108432,"altKeyBackgroundColor":-1061495,"altKeyTextColor":-12108432,"accentKeyBackgroundColor":-1011040,"accentKeyTextColor":-12108432,"keyPressHighlightColor":1559219593,"keyShadowColor":-2142814864,"popupBackgroundColor":-4992017,"popupTextColor":-12108432,"spaceBarColor":-1061495,"dividerColor":-12432554,"clipboardEntryColor":-7557413,"genericActiveBackgroundColor":-1011040,"genericActiveForegroundColor":-12108432,"version":"2.0"}