{"version":"2.0","name":"是Gboard吖·isGboard","isDark":false,"backgroundColor":-922143,"barColor":-1,"keyboardColor":-922143,"keyBackgroundColor":-1,"keyTextColor":-14606047,"altKeyBackgroundColor":-1710657,"altKeyTextColor":-7302801,"accentKeyBackgroundColor":-3683208,"accentKeyTextColor":-1,"keyPressHighlightColor":-2050503560,"keyShadowColor":-1718578833,"popupBackgroundColor":-922143,"popupTextColor":-7302801,"spaceBarColor":-3618393,"dividerColor":-2134389640,"clipboardEntryColor":-1710657,"genericActiveBackgroundColor":-3683208,"genericActiveForegroundColor":-1,"backgroundImage":null}