{"version":"2.1","name":"cyberpunk2025","isDark":true,"backgroundColor":-16777216,"barColor":-13158601,"keyboardColor":-13816531,"keyBackgroundColor":-16306669,"keyTextColor":-1441575,"candidateTextColor":-534169,"candidateLabelColor":-10000717,"candidateCommentColor":-16711736,"altKeyBackgroundColor":-16638947,"altKeyTextColor":-16711804,"accentKeyBackgroundColor":-15806756,"accentKeyTextColor":-65536,"keyPressHighlightColor":1325465544,"keyShadowColor":-1090453754,"popupBackgroundColor":-16761086,"popupTextColor":-1,"spaceBarColor":-11908534,"dividerColor":-16711930,"clipboardEntryColor":1660964906,"genericActiveBackgroundColor":-15369601,"genericActiveForegroundColor":-16711930,"backgroundImage":null}